id,nome,cognome,sesso,citta,eta
1,Brita,Semens,Female,Jinghai,91
2,Westley,Pund,Male,Jiang’an,98
3,Melita,Burtonshaw,Female,Gardanne,77
4,Eldon,Brookshaw,Male,Sutysky,14
5,Elle,Raffon,Female,Estoi,78
6,Brandon,Haddleton,Male,Chinchaypujio,92
7,Barris,Leydon,Male,Tarlac City,10
8,Hermie,Seint,Male,Cojutepeque,7
9,Honoria,Bennington,Female,Alīgūdarz,96
10,Blinnie,Higgonet,Female,Xinglong,37
11,Brose,Erwin,Male,El Calvario,96
12,Judye,Basire,Genderfluid,Sancha,84
13,Jesselyn,Meenehan,Female,Inya,55
14,Trixie,Bastard,Female,Gujba,54
15,Mordecai,O'Hare,Male,Wangcheng,16
16,Tootsie,Shemilt,Female,Shah Alam,87
17,Marietta,Targe,Male,Kodinsk,52
18,Bale,Cuchey,Male,Socorro,2
19,Amanda,Basillon,Female,Qiaolin,18
20,Corrinne,Stonhouse,Female,Lamas,99
21,Emmanuel,Sanzio,Male,Ciloa,70
22,Butch,Lill,Male,Athlone,82
23,Israel,Loakes,Male,Nueve de Julio,41
24,Noella,Nealey,Female,Glafirovka,25
25,Alberik,Blei,Male,Takokak,1
26,Noelle,Bartolini,Female,Real,39
27,Franz,Arsnell,Male,Minato,26
28,Temple,Bottell,Male,Shilong,4
29,Thekla,Rabley,Female,Na Thawi,11
30,Felike,Kubera,Male,Hyesan-dong,51
31,Martita,Notton,Female,Vojkovice,64
32,Paddy,Denzilow,Male,Obock,62
33,Raquela,Carlozzi,Female,Reshui,25
34,Abe,Blackborne,Male,Hezheng Chengguanzhen,30
35,Zonnya,Cranny,Female,Guisijan,16
36,Ulrick,Yukhnini,Male,Huizhou,16
37,Hart,Edworthye,Male,Langenburg,14
38,Bertha,McMurthy,Female,Kovylkino,83
39,Norah,Mosedale,Female,Dongting,9
40,Dal,Harpur,Male,Panyindangan,68
41,Clarine,Sainte Paul,Female,Mojo,22
42,Reba,Sate,Female,Karabudakhkent,46
43,Issiah,Deesly,Male,Sung Noen,2
44,Tudor,Withey,Male,La Cruz,75
45,Norean,Plitz,Female,Cabouco,26
46,Zsa zsa,Geraudy,Female,Arani,49
47,Kizzee,Scheffler,Female,Royan,32
48,Thorndike,Thormwell,Male,Prey Veng,85
49,Shell,Toone,Female,Orléans,26
50,Melamie,Burnsides,Female,Yuty,51
51,Shurwood,Martensen,Male,Fuli,51
52,Glory,Dracksford,Genderfluid,Clearwater,51
53,Konrad,Joel,Male,Icheon-si,75
54,Edouard,Robecon,Male,Nový Hrozenkov,15
55,Darrell,MacCracken,Male,Желино,50
56,Herby,Tretwell,Male,Changqing,18
57,Sylvester,Sandeland,Male,Nenagh,56
58,Kameko,Soame,Female,Sviadnov,6
59,Cicily,Kubasek,Female,Al Jarrāḩī,33
60,Nicoli,Fayers,Female,Zilang,33
61,Glenn,Oldnall,Female,Lancheng,68
62,Elora,Corton,Genderqueer,Kotel,90
63,Odo,Eblein,Male,Enskede,53
64,Moira,Comelli,Genderqueer,Kuta,55
65,Ilsa,Mawtus,Female,Kannabechō-yahiro,42
66,Karly,Mealiffe,Female,Lysice,32
67,Stormie,Titford,Female,Moutas,8
68,Mathilda,Gozard,Female,Balice,4
69,Melantha,Messham,Female,Nepomuceno,92
70,Inglis,Breens,Male,Gyamco,33
71,Jamesy,Jackson,Male,Paris La Défense,69
72,Cicely,Mateiko,Female,Jinhui,18
73,Simona,Leadston,Female,Luwingu,37
74,Rufe,Ivanenko,Male,Laç,63
75,Ewell,Lawdham,Male,Santa Elena,57
76,David,Joddins,Polygender,Sidikalang,84
77,Emili,Windous,Female,Gândara,66
78,Christoffer,Toten,Male,Fukuchiyama,17
79,Aloysius,Degg,Male,Opol,59
80,Bevan,Corsan,Male,Povorino,53
81,Ruddie,Itshak,Male,Sukhinichi,37
82,Lynett,Hedgeman,Female,Bucay,70
83,Lexine,Hundell,Female,Loen,50
84,Carlin,Synnott,Male,Pangkalan,58
85,Ashely,Bake,Female,Shiqiao,43
86,Eula,Yurin,Female,Yushikalasu,90
87,Lonny,Gon,Male,Svay Rieng,48
88,Talbot,Rougier,Genderqueer,Muravlenko,45
89,Minette,Ceresa,Female,Yumbel,77
90,Moyna,Greetland,Female,Nacka,5
91,Boonie,O'Farrell,Male,Balyaga,88
92,Bord,Darque,Male,Bayanbulag,43
93,Pris,McIsaac,Female,Glondong,69
94,Nataline,Marcham,Female,Sumberejo,99
95,Karly,Gott,Female,Lentisqueira,21
96,Jermayne,Kimbley,Male,Quiñota,38
97,Town,Hackford,Male,Tiền Hải,72
98,Kayle,Rampling,Female,Khujirt,71
99,Janna,Grundle,Female,Alvand,92
100,Josi,Bolle,Female,Sanjiazi,88
101,Wayland,Bickerdyke,Male,Thị Trấn Nước Hai,99
102,Sloane,Benedetti,Male,Emporeío,36
103,Yettie,Lorentz,Female,Xingxi,69
104,Joann,Grenkov,Female,Amparafaravola,59
105,Tessi,Chillistone,Female,Pizarrete,69
106,Mona,Niland,Female,Rancasadang,24
107,Wendie,Lossman,Female,Tenggun Dajah,43
108,Garik,Mulqueeny,Male,Anjirserapat,72
109,Oona,Bothen,Female,Ajaccio,45
110,Antoine,Herion,Male,Tohong,14
111,Raynard,Baudrey,Male,Lianhua,4
112,Jere,Tidbury,Male,Chadian,38
113,Braden,Coakley,Male,Jiaozuo,81
114,Livvyy,Savil,Female,Shelabolikha,18
115,Alexandre,Cornilleau,Male,Kurashiki,19
116,Lorenzo,Dodgshon,Male,Cigebrok,71
117,Tate,Pipworth,Male,Donglinxi,31
118,Brina,Maben,Female,Ajuy,91
119,Jan,Worpole,Female,Hamburg,93
120,Carl,Aspel,Male,Macas,100
121,Leodora,Sawley,Female,Cerenti,21
122,Keary,Ferruzzi,Male,Centro Habana,75
123,Alejandro,Bryden,Male,Bontoc,14
124,Hebert,Di Biasio,Male,Houba,5
125,Hewe,Meriel,Male,Lupo,12
126,Murdoch,Dyet,Male,Depok,30
127,Harlan,Raeburn,Male,Shushary,86
128,Morton,Lamlin,Bigender,"Las Vegas, Santa Barbara",57
129,Hartwell,Piercey,Male,Santander de Quilichao,17
130,Tory,Orrick,Female,Machakos,11
131,De,Cadell,Female,Viļaka,82
132,Thornton,Hulett,Male,Předklášteří,65
133,Cori,Yashanov,Female,Sumberbatas,56
134,Tan,Keir,Male,Menggala,11
135,Modestia,Rummings,Female,Takeo,72
136,Glynn,Friman,Male,Zoumaling,87
137,Viv,MacElane,Female,Lukolela,6
138,Wilt,Worrell,Male,Baisha,44
139,Jordanna,Diss,Female,Águas Belas,26
140,Suzann,Cossentine,Female,Ambato,46
141,Dermot,Byrde,Male,Alarobia,64
142,Randa,Stripling,Female,Mŭynoq,12
143,Miguelita,Toward,Agender,Mekele,65
144,Scarlet,Demann,Female,Skanör,100
145,Jerrie,Fitzsymons,Female,Kalabahi,54
146,Jeana,Splaven,Female,Polonne,71
147,Shayna,Scraggs,Female,Aylmer,59
148,Silvain,Stitcher,Male,Huaqiao,91
149,Everard,Ragbourne,Male,Duobaoshan,43
150,Abie,Anespie,Male,Belovodskoye,1
151,Roxanna,Wasselin,Female,Jinchuan,14
152,Rudy,Gennings,Male,Obihiro,60
153,Rheba,Burness,Female,Parral,73
154,Benoite,Stennard,Female,Huyang,98
155,Frants,Benting,Male,Koltushi,65
156,Yancy,Watts,Male,Jabal os Saraj,6
157,Reade,Mault,Male,Bobonan,83
158,Knox,Hothersall,Male,Huixian Chengguanzhen,61
159,Cory,Sumbler,Female,Karanlukh,60
160,Belicia,Davidi,Agender,Janowice,91
161,Lonnard,Tunaclift,Male,Niverville,100
162,Darn,Wyllt,Male,Vukojevci,29
163,Reeva,Vardey,Female,Titay,31
164,Mable,Lashbrook,Polygender,Vũ Quang,42
165,Marj,Loblie,Female,Bājitpur,38
166,Hetti,Innott,Female,Wurno,88
167,Claire,Farra,Female,Turiys’k,4
168,Bibby,Fryman,Female,San Narciso,51
169,Evelin,Meredith,Male,Merkezköy,43
170,Dolley,Menzies,Female,Stockholm,96
171,Querida,Wilkin,Female,Malārd,31
172,Gussi,Scammell,Female,Sävedalen,98
173,Georgianna,Spittal,Female,Sindangkerta,71
174,Cirilo,Guirardin,Male,Siteki,76
175,Trumann,Coning,Male,Boussé,27
176,Jaquith,Shafier,Female,Palla,68
177,Cristy,Loynes,Female,Tuen Mun,53
178,Pyotr,Silber,Male,Uromi,25
179,Mordy,Budd,Male,Santarém,64
180,Graeme,Stride,Male,Lipník nad Bečvou,1
181,Elane,Romi,Female,Kumla,65
182,Catrina,Neeves,Female,Kuantan,83
183,Randolf,Meegin,Male,Xibu,4
184,Julio,Halvosen,Bigender,Zall-Herr,85
185,Kerrill,Ashness,Female,Navan,6
186,Heath,Lehon,Genderfluid,Trieste,47
187,Sean,Cowgill,Genderqueer,Nanding,95
188,Fayina,Rawlings,Female,‘Irbīn,21
189,George,Lamacraft,Male,Vale,68
190,Charley,Boichat,Male,Hualong,6
191,Alistair,Flannery,Male,Všeruby,72
192,Adan,Rance,Female,Nantes,43
193,Byram,Sellick,Male,La Laja,77
194,Pietrek,Howkins,Male,Vysehrad,96
195,Hugues,Huc,Male,Dhangarhi,4
196,Loralee,Brimilcombe,Female,Osiek,64
197,Lotty,Eringey,Female,Huamali,18
198,Alphard,Cerro,Male,Wilfrido Loor Moreira,14
199,Rex,Clementucci,Male,Novonikol’sk,72
200,Paquito,Normandale,Bigender,Magdalena,74
201,Lock,Raphael,Male,Songqiao,48
202,Stephana,Rowlett,Female,Francisco J Mujica,46
203,Andie,Callinan,Male,Juripiranga,29
204,Courtney,Jurczyk,Female,Dijon,83
205,Titus,McCosker,Male,Dancheng,1
206,Bard,Mayman,Male,Sacramento,24
207,Enriqueta,Kalisch,Female,Plaza de Caisán,79
208,Louella,Hazeldine,Agender,Tanggung,19
209,Sadye,Kenzie,Genderfluid,Sosnovka,37
210,Ahmed,Wyllt,Male,Porciúncula,12
211,Nichols,Meriel,Male,Janowice,87
212,Eugenio,Fronczak,Male,Pingshanhu,54
213,Egbert,Toffetto,Male,Ýdra,71
214,Arda,Lethbrig,Female,Xishanzui,80
215,Rock,Mellish,Male,Ciudad Bolívar,95
216,Ralph,Tilston,Male,Meget,96
217,Evangeline,Errigo,Female,Arpajon,49
218,Hunt,Rogister,Male,Qijia,45
219,Rebekkah,Poley,Female,Gaozhou,37
220,Norina,Drabble,Non-binary,Sembalunbumbung,45
221,Fred,Storr,Female,San Antonio,86
222,August,Frail,Polygender,P’rimorsk’oe,40
223,Flynn,Bonnette,Male,Thị Trấn Phong Thổ,42
224,Paulita,Bedborough,Polygender,Nueva Gerona,47
225,Anne-marie,Arton,Female,Honghualiangzi,32
226,Forrest,Marousek,Male,Aswan,28
227,Bambie,Codron,Female,Central,59
228,Thane,Fero,Male,Bwizibwera,36
229,Cirstoforo,Kleingrub,Male,Prroshyan,39
230,Cleon,Jarrold,Male,Chongqing,60
231,Belicia,Mawtus,Female,Sokyryany,93
232,Carrol,Mead,Male,Budrus,19
233,Sutherlan,Freathy,Male,Carman,72
234,Shermy,Twinning,Male,Bima,69
235,Franky,Eborn,Male,Bailu,78
236,Dorise,Eggins,Female,Greystones,84
237,Robina,Jentges,Female,Doloon,11
238,Donnamarie,Laffan,Female,Siem Reap,21
239,Gay,Pretsel,Male,North Saanich,94
240,Marillin,Tuffin,Female,Jawhar,50
241,Zita,McGavigan,Female,Beiqiao,5
242,Lari,Chimes,Female,Qadsīyā,74
243,Michale,McDuff,Male,Helixi,73
244,Sawyer,Glide,Male,Balky,36
245,Tarrance,Haggard,Male,Indaiatuba,74
246,Levin,Mariette,Male,Tenggina Daya,37
247,Ferdy,Tasseler,Male,Meringkik,37
248,Starlene,Petersen,Female,Sanyantang,18
249,Hoebart,Kimbury,Genderqueer,Walichnowy,89
250,Garek,Newman,Male,Tawaramoto,3
251,Matelda,Kemson,Female,Karpushikha,74
252,Hayward,Gimblett,Male,Bang Phae,15
253,Burty,Kirsz,Male,Vardablur,28
254,Forester,Beards,Male,Kanigorokrajan,27
255,Caressa,Perton,Female,Wulongshan,79
256,Guillema,Emmens,Female,Mizunami,94
257,Kittie,Raspin,Female,Sukapura,56
258,Sigismundo,Ough,Male,Göteborg,95
259,Ambrose,Bennison,Male,Nkurenkuru,21
260,Huberto,Piatto,Male,Guocun,96
261,Nessie,Bingell,Female,Idenao,69
262,Huntlee,Daniau,Male,Camgyai,80
263,Bayard,Hanhart,Male,Gorjani,39
264,Nonnah,Stonall,Female,Richmond,76
265,Wadsworth,Tidbold,Male,Bachuan,30
266,Dimitri,Woollacott,Male,Chichinales,85
267,Devina,Demsey,Female,Malway,78
268,Cathyleen,Careswell,Female,Saint-Lin-Laurentides,15
269,Augustina,Barbary,Female,Ambon,3
270,Zack,Leblanc,Male,Uppsala,96
271,Christiano,Rubens,Male,Kopashnovo,55
272,Ruthi,Sahnow,Female,Venezia,25
273,Melina,Wynrahame,Female,Jinshanwei,15
274,Verney,Plessing,Male,Caopie,64
275,Quintina,Ironmonger,Agender,Aoqian,99
276,Lemmy,Dacombe,Male,Kadukaung,26
277,Darren,Capelle,Male,Venda,43
278,Phillis,Boakes,Female,Qaram Qōl,8
279,Bryn,Sunnucks,Male,Fengjiang,63
280,Jammal,Kamen,Male,Changtang,69
281,Powell,Kneller,Male,Tsybulevka,31
282,Valeda,Iffe,Female,Ntoroko,35
283,Alejandro,Helm,Male,Mamedkala,90
284,Perkin,Ducham,Male,Nanjing,28
285,Vaclav,Bramham,Male,Youcheng,45
286,Bendicty,Cristofanini,Male,Sinarjaya,78
287,Ingelbert,Hadgkiss,Male,Bajingzi,37
288,Jeramie,Zanni,Male,Ibshawāy,41
289,Moise,Purshouse,Non-binary,Guantouzui,41
290,Aron,Leborgne,Male,Sishui,74
291,Marne,MacLoughlin,Female,Gatesville,23
292,Rosamund,Waadenburg,Polygender,Dancheng,91
293,Sullivan,Balogun,Male,Cipanjang,14
294,Barnabas,Gladtbach,Male,Mukun,82
295,Ula,Reckus,Female,Malaruhatan,27
296,Freddie,Dow,Female,Orichi,84
297,Vince,McGerraghty,Male,Starcevica,67
298,Alane,Murphey,Female,Västerås,44
299,Dania,Danhel,Female,Kedungwaru,25
300,Arleen,Towell,Female,Sanjia,39
301,Husain,Matei,Male,Koran,2
302,Obadias,Feeney,Genderfluid,Brzeźnica,87
303,Lynsey,Edworthie,Female,Bangangté,98
304,Tanya,Weston,Polygender,Huangtu,68
305,Clerc,Aleksankin,Male,Stadtbredimus,20
306,Arri,Devigne,Male,Fika,49
307,Hube,Lowell,Male,Paucar,97
308,Shayne,Heard,Male,Sychëvo,22
309,Olenolin,Treleven,Male,Sakaraha,34
310,Natty,Poleykett,Female,Cucuyagua,67
311,Kaitlin,Gimert,Female,Golmud,28
312,Garrot,Gaskarth,Male,Bulag,45
313,Deerdre,Chattell,Female,Zimovniki,28
314,Cordelie,Brownstein,Female,Newton,54
315,Corrine,Turmall,Female,Tabia,94
316,Constantine,Sieghard,Female,Saposoa,60
317,Kleon,Van der Velden,Male,Taotang,26
318,Ahmad,Lyptrit,Male,Pahārpur,95
319,Rahal,Ciccarelli,Female,Pedreira,55
320,Gerardo,Andresen,Male,Keboireng,60
321,Felicia,Reeds,Female,Laveiras,14
322,Shanda,Shekle,Female,Paso de los Libres,92
323,Bonni,Scoular,Genderqueer,Shënmëri,62
324,Tarrance,Lawtey,Male,Oslo,36
325,Brice,Cliff,Male,Kinnegad,68
326,Rufe,Cursey,Male,Pohang,54
327,Thekla,Grishelyov,Female,Mtsensk,77
328,Marie,Guilliland,Female,Jiyang,24
329,Maurine,Poxon,Female,Lousado,26
330,Adria,Persey,Female,Marapat,44
331,Karleen,Caulcutt,Female,Huazhou,82
332,Cedric,Oakley,Male,Slavs’ke,24
333,Kippy,Cassels,Genderqueer,Atakpamé,12
334,Madelina,Greenhalgh,Female,Hengjing,11
335,Pegeen,Yoell,Female,Mossendjo,72
336,Bethanne,Abden,Female,Weixin,33
337,Modestia,Baynom,Female,Fontenay-sous-Bois,58
338,Ediva,Paley,Female,Zhangdu,35
339,Elvis,McCurtin,Male,Patitírion,76
340,Demetri,Lashley,Male,Xinghua,18
341,Engracia,Deroche,Female,Morfovoúni,25
342,Esme,Mayhew,Female,Tanniu,12
343,Farris,Vala,Male,Lukićevo,3
344,Margaux,Dannatt,Female,Jatisari,94
345,Dunn,Mawman,Male,Logan Lake,72
346,Saunderson,Neaves,Male,Taisen-ri,88
347,Ernaline,Palia,Female,Goussainville,24
348,Christine,Laight,Female,Kertanegla,17
349,Webster,Baddeley,Male,El Suyatal,23
350,Tallie,Bartles,Male,Umm Sa‘īd,59
351,Carline,Caress,Non-binary,Xiaomiaozi,74
352,Darrelle,Croci,Female,Gaojingzhuang,32
353,Brigid,Ferrer,Female,Imbang,52
354,Tad,Crookston,Male,Pampa Hermosa,38
355,Star,McSkin,Female,Estefania,27
356,Oswell,Cawthorne,Male,Constanza,84
357,Elwyn,Boyle,Male,San Isidro,16
358,Vinnie,Clissell,Male,Wasogolo,9
359,Olivia,Doddrell,Female,Oli,24
360,Dianna,Zavattieri,Female,Soba,79
361,Dalila,Daffey,Female,Freire,52
362,Humphrey,Rivenzon,Male,Fukuechō,44
363,Pietrek,Downer,Polygender,Bydgoszcz,36
364,Brigida,Puttick,Female,Apóstoles,24
365,Huntington,Gabbott,Male,Lairoka,76
366,Gavan,Petrus,Male,Hila,41
367,Emmie,Croom,Female,Frutillar,7
368,Humfrey,Yair,Male,Akron,86
369,King,McDoual,Male,Zelenograd,46
370,Erda,Baudins,Female,Arevashogh,36
371,Sarita,Roaf,Female,Lérida,6
372,Tymon,Gooley,Male,Dao’er,83
373,Vinnie,Waeland,Female,Prelog,14
374,Leupold,Cann,Male,Lions Bay,68
375,Domini,De Minico,Female,Qinshi,9
376,Wilhelmine,Robertot,Female,Mengxingzhuang,64
377,Janey,Sarver,Female,Luka nad Jihlavou,23
378,Delaney,Bunhill,Male,Yizhivtsi,81
379,Pall,Folomkin,Male,Douniani,32
380,Merissa,McMurtyr,Female,Xinjiang,48
381,Shea,Frawley,Female,Las Flores,67
382,Tedie,Abernethy,Male,Mrągowo,41
383,Venita,Lockier,Genderfluid,Bastia,45
384,Anallise,Braunes,Female,Al Qaţn,44
385,Trey,Osbourne,Male,Valejas,33
386,Karlik,O' Liddy,Male,Pumaqangtang,46
387,Osbourn,Greedier,Male,Manaus,43
388,Astra,Padbery,Female,Bacun,92
389,Fax,Tomsett,Male,Cuauhtemoc,42
390,Noni,Schistl,Female,Huangduobu,70
391,Peter,Skamell,Male,Paprotnia,75
392,Holmes,Randall,Genderfluid,Am Djarass,33
393,Zulema,Shinn,Female,Wuma,33
394,Alvina,Compston,Female,Shah Alam,68
395,Bartram,Gibbieson,Male,Weicheng,64
396,Richmond,Poveleye,Agender,Ariquemes,46
397,Bennie,Beckworth,Male,Admiralteisky,68
398,Emmalyn,Loch,Female,Hezuoqiao,43
399,Toddie,Bool,Male,Belyayevka,95
400,Valencia,Proudley,Female,Bagumbayan,35
401,Pattie,Romagosa,Male,Vicuña,43
402,Antonietta,Le feuvre,Female,Temryuk,19
403,Lanita,Pellett,Female,Washington,76
404,Nobie,Burchill,Male,Poteran,57
405,Sherrie,Schwieso,Female,Aliwal North,29
406,Rock,Musgrave,Male,Erétria,77
407,Jasun,Jeger,Male,Ljubovija,43
408,Hilliard,Turbill,Male,Kandun,83
409,Wayland,Halligan,Male,Nangkapayung,12
410,Philomena,Jenkins,Female,Chita,30
411,Errol,Kann,Male,Derzhavīnsk,38
412,Nike,Kinnane,Female,Machikou,81
413,Filmore,Budding,Polygender,Denton,43
414,Kirby,Negal,Male,Mobaye,19
415,Elmer,Batrip,Male,Balaka,33
416,Torrey,Jovicevic,Male,Tengqiao,38
417,Michelle,Rowantree,Female,Mionica,43
418,Ernie,Womersley,Male,Mugan,75
419,Ruperto,Dufour,Male,Pyatovskiy,91
420,Hermann,Nenci,Male,Krolevets’,37
421,Cece,Hattrick,Male,Maño,36
422,Conrade,Folca,Polygender,Camalote,35
423,Pascale,Groundwater,Male,Lubao,97
424,Bartholomew,Ballingal,Male,Fort Pierce,88
425,Gregor,Kondratovich,Male,Bacabal,74
426,Welby,Karpushkin,Male,Bắc Ninh,59
427,Hortensia,Hinkins,Female,Valenciennes,2
428,Christal,Densumbe,Female,Mesopotamía,19
429,Bertrand,Brombell,Male,Jirny,75
430,Winonah,Vitte,Female,Satovcha,34
431,Kiel,Pietrasik,Male,Deqing,75
432,Janie,Reeve,Female,Huiyi,44
433,Anstice,Sexton,Female,Dasha,57
434,Gerik,Tappin,Male,Acacías,44
435,Llewellyn,Blackesland,Male,Poroj,29
436,Karina,Bridgman,Female,Ningyuan,53
437,Judye,Mynott,Female,Yabēlo,83
438,Nat,Old,Bigender,Pasirputih,15
439,Kenon,Michael,Male,Choca do Mar,10
440,Merl,Stilwell,Female,Pedinó,68
441,Gilligan,Dibb,Female,Paris 01,27
442,Artus,Scimonelli,Male,Al Misrākh,73
443,Mortimer,Durek,Male,Gaoyao,16
444,Ewart,Canas,Male,Navariya,38
445,Carly,Rother,Male,Bender,5
446,Hillery,Shallo,Male,Kirovsk,45
447,Ronny,Madders,Female,Colón,56
448,Lila,Tadgell,Female,Chegutu,11
449,Stevie,Danelet,Male,Lille,92
450,Olly,Orgel,Male,Futu,21
451,Luz,Manus,Female,Pirapora do Bom Jesus,67
452,Lorrie,Semark,Female,Cabangahan,35
453,Bel,Ducker,Female,Nanchangshan,96
454,Tibold,Bavester,Male,Lewolere,49
455,Sam,Sarra,Female,Rancagadog,6
456,Dennet,Tucker,Male,Klatovy,67
457,Hildegaard,Fontin,Female,L’govskiy,98
458,Abigael,Ledwidge,Female,Kerbuyan,46
459,Uri,Zoephel,Male,Mingshui,84
460,Rozele,Thomlinson,Female,Pucangkrajan,5
461,Janette,Gelderd,Female,Hidalgo,58
462,Meredith,Poltun,Male,Masallātah,15
463,Kiele,Proom,Female,Banjar Pangkungkarung Kangin,74
464,Glenden,Ickovic,Male,Lubin,11
465,Kiel,Ruffle,Male,Buta,91
466,Catrina,Dykas,Female,Cẩm Phả,20
467,Adrian,Eynon,Male,Konyshevka,91
468,Bruce,MacAlroy,Male,Coromandel,43
469,Moira,MacPike,Female,Sainte-Agathe-des-Monts,19
470,Letti,Le Noir,Female,Al Qurḩ,44
471,Jervis,Borell,Male,Wielka Nieszawka,2
472,Cyndie,Jacques,Female,Ayna,10
473,Berthe,Walch,Female,Youxi,78
474,Raddy,Onraet,Male,Novoarkhanhel’s’k,28
475,Janeczka,McQueen,Female,Pimentel,48
476,Cosette,Jerram,Female,Simpang Ulim,38
477,Van,Digman,Male,Xindi,70
478,Stavros,McGrath,Genderfluid,Jetak Kulon,68
479,Mair,Muncey,Agender,Tangchijie,46
480,Debbi,Cranmer,Female,Na Tan,40
481,Bryn,Bolens,Male,West Hartford,51
482,Skipp,Dalziell,Male,Cikalong,39
483,Elana,Douglas,Agender,Balas,39
484,Christiana,Betterton,Female,Chengmagang,63
485,Carney,Fehner,Male,Słupno,43
486,Kimbell,Moat,Male,La Salud,36
487,Ethel,Mangenot,Female,Oktyabr’skiy,80
488,Laurice,Coenraets,Female,San Rafael,47
489,Clarie,Urvoy,Female,Orlovat,55
490,Rhea,Pitone,Female,Nowy Tomyśl,83
491,Thain,Mumbey,Male,Tourcoing,25
492,Anatole,Sexton,Male,Sakata,22
493,Berni,Gamble,Genderqueer,Stockholm,91
494,Jarib,Hedworth,Male,Rominimbang,9
495,Karl,Frenchum,Non-binary,Hino,22
496,Levey,De la Feld,Male,San José de Río Tinto,42
497,Linc,Pert,Male,Abū Zabad,10
498,Kristen,Hansel,Female,Hanzhong,19
499,Amara,Botright,Female,Liangshuijing,11
500,Adah,Naldrett,Female,Cabuyaro,36
501,Keely,Cluely,Female,Babakan,12
502,Felicdad,Rosengart,Female,Pécs,87
503,Teodoro,Saladine,Male,Santa Maria,70
504,Aluino,Kubczak,Male,Mielec,55
505,Mannie,Gailor,Male,Achoma,97
506,Zilvia,Pirouet,Female,Khāndbāri,65
507,Maia,Hathaway,Non-binary,Vukatanë,30
508,Marilee,Tumioto,Female,Östersund,52
509,Rhianna,Wimlet,Female,Mweka,37
510,Angie,Todaro,Female,Longquan,63
511,Pearce,Tayloe,Male,Nevers,11
512,Osbourne,Aleksandrev,Male,Kaavi,29
513,Hendrik,Freddi,Male,Chŏngju,77
514,Teresita,Brentnall,Female,Shanjiao,79
515,Flossie,Simukov,Female,Kampot,82
516,Valenka,Clutterham,Agender,Lwengo,14
517,Marco,Greenroa,Male,Pagak Kulon,23
518,Ida,Kingwell,Female,Cabugao,95
519,Stormy,Beaves,Genderqueer,Nalbandyan,72
520,Danny,Fullilove,Female,Mojkovac,58
521,Ethelbert,Grugerr,Male,Lisków,17
522,Valeda,Groarty,Female,Vila do Bispo,49
523,Ashby,Beardsell,Male,Sukamaju,16
524,Alanson,Krauze,Male,Promna,84
525,Emelyne,Gillions,Female,Dongdajie,59
526,Lynde,Lonnon,Female,Pau,53
527,Brita,Hunnicot,Female,Vitry-sur-Seine,74
528,Orly,Yeats,Female,Koten,48
529,Rodolphe,Brickner,Male,Tarub,85
530,Rosy,Gooch,Female,Pidhaytsi,30
531,Talbot,Gottschalk,Male,Laoxialu,42
532,Renae,Stokell,Female,Cayungnan,40
533,Eryn,McCoveney,Female,Erqu,2
534,Tallulah,Pauletti,Female,Tambak,36
535,Porter,Gerriessen,Male,Cezi,15
536,Ardith,Gell,Female,Lipov,53
537,Sibel,McCleod,Female,Colmeal,6
538,Marja,Swinnerton,Female,Bordeaux,27
539,Ralf,Taunton,Male,Hengshui,31
540,Vita,Martschik,Female,Ankola,85
541,Geno,Duchenne,Male,Santa Rosa,65
542,Hetty,Bowgen,Female,Cisaro,22
543,Guthry,Leuchars,Male,Picungbera,98
544,Lane,Rubrow,Female,Waekolong,7
545,Katya,Wardle,Female,Yuetang,37
546,Elmore,Blackwell,Male,Malbork,68
547,Jessika,Stranio,Female,Dugcal,72
548,Geri,MacGilrewy,Female,Clarence-Rockland,19
549,Ruddie,Keohane,Genderfluid,Prażmów,73
550,Margo,Manvell,Female,Dongying,85
551,Svend,Delcastel,Male,Nowe Miasto,85
552,Darcey,Kirman,Polygender,Corrego Grande,72
553,Marieann,Vinten,Female,Lubomierz,93
554,Auroora,Skirven,Female,Dowr-e Rabāţ,69
555,Lou,Beckey,Male,General Conesa,74
556,Boony,Mitrovic,Non-binary,Minokamo,39
557,Dorri,Kreuzer,Female,Zlaté Hory,90
558,Darda,Cowpertwait,Polygender,Funes,34
559,Olenolin,Aslet,Male,San Jacinto,6
560,Laurence,Strass,Male,Hanchang,66
561,Lizzie,Gait,Female,Wailang,16
562,Lura,Peeters,Female,Salamrejo,32
563,Craig,Bruyet,Male,Thị Trấn Ngọc Lặc,33
564,Sibley,Colten,Female,Firenze,31
565,Zacharias,Huriche,Male,Arauca,41
566,Bidget,Fevers,Female,Bordeaux,42
567,Hermie,Dinkin,Male,Cirompang,94
568,Nikki,Willingam,Female,Rekovac,18
569,Lyda,Couth,Female,Ouangani,47
570,Alic,Gilhouley,Male,Beauharnois,63
571,Jordanna,Skells,Female,Derhachi,56
572,Germaine,Pride,Female,Salaza,89
573,Fransisco,Schofield,Male,Zheshart,97
574,Annaliese,Cream,Female,Az Ziyārah,15
575,Nari,Islep,Female,Dadus,26
576,Janot,Moors,Female,Morro Agudo,77
577,Emiline,Lowensohn,Female,Shilovo,41
578,Rafa,Ranvoise,Female,Baguio,8
579,Toddy,Yarn,Bigender,Pasar,34
580,Creigh,Vaudin,Male,Zdounky,89
581,Davina,Pearcey,Agender,Sanlei,51
582,Nevil,Crombleholme,Male,Haitou,49
583,Byrle,Putterill,Male,Leonidovo,27
584,Helaina,Kilban,Bigender,Dubinino,68
585,Gilemette,Hackey,Female,Beselga,97
586,Jacquenetta,Beecroft,Female,Mỹ Thọ,81
587,Ginnie,Furnell,Genderfluid,Bununu Dass,90
588,Shae,Espinos,Male,Yanhe,1
589,Dirk,Nazer,Male,Bang Krathum,99
590,Joceline,Brion,Female,Bystrzyca,55
591,Sonni,Flatley,Female,Canoinhas,16
592,Markos,Clingoe,Male,Stockholm,20
593,Dareen,Zecchetti,Female,Āzādshahr,64
594,Ulick,Petegree,Male,Hejiabao,43
595,Louis,Axworthy,Male,Airmolek,64
596,Darcy,Brithman,Female,Pravdinsk,70
597,Dorise,Newnham,Female,Nowe Warpno,45
598,Cynthea,Connikie,Female,Inglewood,26
599,Lucie,Ferreira,Female,Marčelji,88
600,Stoddard,Yakuntzov,Female,Hŭkkyo-ri,31
601,Melisande,Biddulph,Female,Jishi,37
602,Beale,Willerstone,Male,Puerto Montt,13
603,Shelley,Gulc,Male,Mabuhay,73
604,Gwenore,Coplestone,Female,Ryazhsk,23
605,Florentia,St Quenin,Agender,Funafuti,22
606,Albert,Woolpert,Male,Cachoeiras de Macacu,15
607,Madelon,Arondel,Female,El Real,48
608,Ollie,Bessett,Female,Kabakovo,8
609,Nicol,Patroni,Male,São Brás de Alportel,61
610,Jerrilee,Leander,Female,Sandaohezi,3
611,Westleigh,Fidgett,Male,Rakiv Lis,72
612,Katerine,Hayton,Female,Khandagayty,93
613,Dianne,Kenealy,Female,Sitiarjo,24
614,Caterina,Buessen,Female,Ordzhonikidze,50
615,Ermin,Sutherns,Male,Nuoxizhi,35
616,Stefanie,Delucia,Genderfluid,Kołbiel,58
617,Bette,Schust,Female,Karobokan,48
618,Emalee,Dundon,Female,Clermont-Ferrand,90
619,Candida,Puxley,Female,Wujing,57
620,Eal,Jessel,Male,Conceição da Feira,63
621,Monah,Horche,Female,Manisi,100
622,Demetria,Lowsely,Female,Wangbuzhuang,87
623,Giavani,Andrey,Male,Oslo,59
624,Meaghan,Gillan,Genderqueer,Aileu,16
625,Maura,O'Rudden,Female,Sóc Sơn,79
626,Rodi,Wingham,Female,Cikuda,1
627,Charil,Lamar,Genderqueer,Baranusa,92
628,Tristam,Garford,Male,Miyazaki-shi,61
629,Jody,Lund,Genderfluid,Lgota Wielka,35
630,Desmond,Dole,Male,Lazurne,75
631,Gerri,Wayt,Agender,Sheki,32
632,Morganne,Krollmann,Female,Kolambugan,5
633,Gustavus,Dalgardno,Male,San Jose,34
634,Mariele,Doorey,Female,Beiquan,46
635,Barb,Hissie,Female,Yōkaichiba,96
636,Pete,Bownass,Male,Shoushan,67
637,Ker,Mariaud,Male,Las Lomas,70
638,Christophorus,Betteridge,Genderfluid,Olhão,41
639,Mame,Ephson,Female,Oliveirinha,99
640,Galvan,Russo,Male,Saukkola,60
641,Ivy,MacCurley,Female,Ziniaré,41
642,Selig,Dobble,Male,Chojata,61
643,Sidonnie,Povall,Female,Pondaguitan,20
644,Rodrigo,Buddell,Male,Oliveira,8
645,Kitti,Stronach,Female,Yingchun,67
646,Ring,Linguard,Male,Nikitinskiy,30
647,Esra,Davidovsky,Male,Oakland,37
648,Frederich,Skippon,Male,Juan N Alvarez,100
649,Terra,MacPhail,Genderfluid,Baliton,59
650,Althea,Sitwell,Female,Oslo,25
651,Caron,Trank,Female,Malayal,30
652,Ambrosi,McAvey,Male,Monção,64
653,Junia,De Nisco,Female,Kokkinóchoma,96
654,Chloette,Musterd,Female,Alapayevsk,94
655,Rolfe,Zuan,Male,Kurayoshi,77
656,Kirstin,Dunridge,Female,Batticaloa,58
657,Shanan,Pennigar,Male,Somorpenang,26
658,Bernita,MacMakin,Female,Tocopilla,19
659,Tiffani,Barnfield,Female,Marabá,35
660,Richmound,Raddish,Male,Tonosí,16
661,Cordie,Paulon,Male,Zabukovica,10
662,Waverly,Todhunter,Male,Göteborg,58
663,Elisabeth,Lilleycrop,Female,Kotli Lohārān,18
664,Tymon,Splevin,Agender,Itéa,42
665,Cherilyn,Lenchenko,Female,Itéa,5
666,Clarinda,Bounde,Female,Laojun,3
667,Kay,Scouse,Female,Jamālpur,18
668,Ursulina,Willars,Female,Nürnberg,58
669,Everett,Coupland,Male,Issy-les-Moulineaux,34
670,Thorndike,Drysdell,Male,Kanye,28
671,Tate,Heigl,Male,São Sebastião,99
672,Chiarra,Vowell,Female,Proletarsk,83
673,Solly,Larmour,Bigender,Кондово,86
674,Ephraim,Ivoshin,Male,Perštejn,33
675,Brendin,Lombard,Male,Pastores,86
676,Rebecca,Kalinowsky,Female,Itajaí,55
677,Garvy,Vanyard,Male,Majan,59
678,Inigo,Demaine,Male,Yidian,72
679,Jecho,O'Doran,Male,Mianay,22
680,Aubree,Morrison,Female,Södra Sandby,18
681,Alford,Larham,Male,Belo,41
682,Whitman,Darlington,Male,Liaoyang,19
683,Corinne,Sherry,Polygender,Chon Daen,73
684,Major,Quinnet,Genderqueer,Katrineholm,9
685,Huntley,Croan,Male,Rambouillet,70
686,Lisa,Childes,Female,Kumane,40
687,Nilson,Bilbee,Male,Néos Oropós,79
688,Almeda,Michell,Female,Yur’yev-Pol’skiy,69
689,Gordie,Mussettini,Male,Trbovlje,84
690,Alvina,Danelutti,Female,Tanahwurung,26
691,Dodi,Mc Caghan,Female,Sangari,34
692,Helge,Hyland,Female,Delgado,51
693,Rachele,Jeannot,Female,Põlva,2
694,Selig,Capun,Male,Zongzhai,56
695,Christian,Roderighi,Agender,Jönköping,35
696,Devon,McGarrie,Bigender,Vetlanda,34
697,Martelle,Petel,Female,Taoyao,10
698,Guillema,Sommerscales,Female,Mikulášovice,81
699,Mae,Alders,Female,Marquard,46
700,Carver,Pepper,Male,Kebonagung,81
701,Allyce,Liddell,Female,Třešť,81
702,Ozzie,Gillions,Genderfluid,Mangkon Daja,69
703,Gabbey,Ruprich,Genderqueer,Puyang,17
704,Dionis,Grave,Female,Harbutowice,13
705,Pryce,Took,Male,Fentange,49
706,Fanya,Bore,Female,Toritama,17
707,Loren,Stebbin,Female,Fudian,86
708,Jeth,Sappell,Genderfluid,Shōbara,51
709,Alain,Sherreard,Male,Kilifi,43
710,Tymothy,Turbitt,Male,Nîmes,79
711,Eyde,Precious,Female,Jadi,42
712,Wallie,Christofle,Male,Comitancillo,32
713,Leyla,O' Dooley,Female,Orlando,16
714,Rodie,Fireman,Female,Villa Francisca,66
715,Benedetto,McFee,Male,Dali,85
716,Benyamin,Wescott,Male,Guapimirim,97
717,Georgy,Rizzillo,Male,Ma’ao,25
718,Alvy,Burkett,Male,Dukuhbadag,65
719,Jodi,Casse,Male,Blimbing,2
720,Boony,Cheeney,Male,N’dalatando,56
721,Collette,Gilardone,Female,El Paso,11
722,Jodie,Mival,Female,Yunxian Chengguanzhen,36
723,Florri,MacCorley,Female,Carcassonne,6
724,Serene,Capnor,Female,Lotoshino,78
725,Doretta,Rampley,Female,Sandayong Sur,29
726,Dunstan,MacTeague,Male,Bureya,26
727,Bettina,Gaffney,Female,Strathmore,41
728,Aliza,Gratrex,Female,Naro-Fominsk,26
729,Moina,Kirwood,Female,Calauan,88
730,Rozina,Worsnop,Female,Töreboda,74
731,Lefty,Knapman,Male,Belogorsk,95
732,Rivi,Ebsworth,Polygender,Belajen,14
733,Coralyn,Smalley,Female,Sarmanovo,76
734,Annabelle,Baudichon,Female,Ōarai,89
735,Darleen,Mollene,Female,Hancheng,93
736,Poppy,Tampen,Female,Al Maḩjal,6
737,Jasun,Coronado,Male,Argir,75
738,Pearla,Traske,Female,Shuibian,86
739,Kelwin,Longforth,Male,Katima Mulilo,19
740,Ferdie,Ducroe,Male,Kadukaung,50
741,Linc,Keedwell,Male,Brunssum,74
742,Ansley,Basso,Female,Amagbagan,47
743,Ruby,Perrelle,Male,Nanterre,49
744,Ignace,Erskine Sandys,Male,Ban Phue,34
745,Jobey,Timperley,Female,Fonte do Feto,63
746,Mel,Gartan,Male,Zhonghouhe,61
747,Myles,Mace,Male,Kwaluseni,32
748,Bil,Ebsworth,Male,Norton,32
749,Ethelind,Gulley,Female,Sieniawa Żarska,36
750,Pepita,Hanaford,Polygender,Lisia Góra,34
751,Marje,Cogswell,Female,Carmen,8
752,Marjorie,Teek,Female,Puconci,16
753,Renate,Cline,Female,Krivyanskaya,93
754,Reta,Renforth,Female,Mosquera,42
755,Pernell,Whyte,Male,Karpokhórion,88
756,Debera,Worrall,Female,Porto Ferreira,12
757,Blythe,Cowley,Female,Kaffrine,5
758,Sayres,Robarts,Male,Los Angeles,72
759,Ritchie,Reily,Male,Burnaby,39
760,Gradeigh,Drissell,Male,Sirnaresmi,60
761,Regen,Elmer,Male,San Luis,1
762,Ximenez,Murrock,Genderqueer,Santa Lucía,54
763,Maighdiln,Swepstone,Female,Kolodeznyy,81
764,Anna-diane,Keener,Female,Beaumont,59
765,Ira,Sprouls,Male,Sandvika,86
766,Ricardo,Layzell,Male,Macinhata da Seixa,46
767,Risa,Scraggs,Female,Cheonan,77
768,Osgood,Getcliffe,Male,Maishi,89
769,Amalea,Burgott,Female,Charqueadas,59
770,Antons,Braine,Male,Ushiku,18
771,Franzen,Danbury,Male,Kostyantynivka,52
772,Consalve,Santer,Male,Waldbredimus,41
773,Bettine,Hotton,Non-binary,Boñgalon,99
774,Megan,Dmitr,Female,Sanlian,55
775,Artie,Gooly,Male,Tambawel,32
776,Kaleena,McNae,Female,Las Americas,78
777,Bertha,Diego,Female,Ierápetra,78
778,Heda,Fibbitts,Female,Yeysk,7
779,Clem,Claydon,Male,Monte Alegre,13
780,Emmey,Cammish,Polygender,Popovo,75
781,Darwin,Pulman,Male,Runaway Bay,15
782,Kingsly,Croux,Male,Jīt,95
783,Alick,Mayman,Male,Wierzawice,98
784,Elissa,Stout,Female,Dallas,42
785,Erek,Reece,Male,Linjiang,65
786,Al,Pennings,Male,Awilega,95
787,Shandra,Edmunds,Female,Guotan,85
788,Allene,Veldens,Bigender,Owase,32
789,Billie,Couch,Agender,Arvika,66
790,Mel,Wandless,Male,Wolfsberg,77
791,Sibylla,Ferber,Female,Perre,87
792,Cris,Stollsteimer,Male,Xinqiao,59
793,Stan,Scamel,Male,Pico da Pedra,86
794,Anne-marie,Sidery,Female,Morelos,63
795,Delainey,Harpur,Male,Kumberg,54
796,Charo,Wicks,Female,Sanok,69
797,Brewster,Knowler,Male,Pumai,49
798,Maxim,Passfield,Male,Combapata,100
799,Mathias,Gathercoal,Male,Krajan,11
800,Bethany,Broske,Female,Ozëry,79
801,Leonora,Dogg,Female,Dudchany,67
802,Katie,Ommundsen,Female,Lauro de Freitas,76
803,Jess,Beeho,Female,Chapultepec,9
804,Jean,Attride,Female,Amassoma,89
805,Juli,Effemy,Female,Caherconlish,28
806,Jaynell,Fackney,Female,Jetafe,32
807,Edvard,Sheeran,Male,Ikalamavony,79
808,Keary,Titterrell,Male,Cengjia,65
809,Torre,Pesak,Male,Muyuka,54
810,Travis,Forgan,Male,General Levalle,21
811,Elisabet,Northage,Genderqueer,Aranhas,46
812,Brod,Bilbrey,Male,Sosnovo-Ozerskoye,20
813,Ashely,Slate,Female,Wāling,79
814,Aluin,Fassman,Male,Santa Cruz,99
815,Uriel,Boutflour,Male,New Orleans,98
816,Oates,Hellmer,Male,Hazlov,91
817,Jud,Shearwood,Bigender,Song’ao,10
818,Quinta,Jehu,Female,Shuangshipu,65
819,Herold,Joska,Male,Ustrzyki Dolne,44
820,Genni,Tribble,Female,Jishan,100
821,Elihu,Bilbery,Bigender,Pulap,89
822,Devlen,Trim,Male,Jiangna,98
823,Sheelah,Muino,Female,Huangqiao,78
824,Augie,Ivan,Non-binary,Tungor,66
825,Barbie,Mc Pake,Female,Stráž nad Nisou,20
826,Patricia,Pithcock,Female,Jadho,71
827,Robinett,Raftery,Female,La Esmeralda,12
828,Malcolm,Kapelhoff,Male,Chigoré,72
829,Prudy,Cranfield,Female,Sendang,61
830,Ronna,Easey,Female,Mailag,66
831,Bernette,Henstridge,Female,Alíartos,93
832,Cecil,Titlow,Female,Tabālah,37
833,Vicky,Southcott,Female,San Vicente,81
834,Daren,Rozanski,Male,Inda Silasē,87
835,Adolphe,Spaight,Male,Ulimonong,55
836,Cart,Leslie,Male,Samut Sakhon,61
837,Steffi,Szymanowski,Female,Rusnė,14
838,Janos,Caseri,Male,Barvinkove,12
839,Sarine,Greening,Female,Campos do Jordão,10
840,Frannie,Walcar,Male,Sīnah,7
841,Casandra,Blaschke,Agender,Tuusula,10
842,Mattias,Diggell,Male,Uherce Mineralne,22
843,Kalila,Mallebone,Genderfluid,Al Fayyūm,97
844,Brewster,Hartas,Male,Batan,5
845,Ernaline,Gormally,Agender,Mogapi,88
846,Eugenius,Alford,Male,Amouguer,2
847,Jena,McLewd,Female,Hele,43
848,Ralf,Hursey,Male,Tokār,13
849,Gabe,Adamsson,Male,Saint-Pierre,36
850,Lenna,Strafford,Female,Molave,42
851,Shurwood,Jeynes,Male,Herzliya Pituah,95
852,Madelyn,MacKaig,Female,Lümeng,93
853,Bee,MacBain,Female,Shiroi,62
854,Luella,Micheau,Female,Wawa,4
855,Zolly,Heeron,Male,Ruixi,46
856,Helli,Eneas,Female,Jinxiang,32
857,Phillipp,McCulloch,Male,Borås,68
858,Georges,Cardenas,Polygender,Leidian,75
859,Osgood,Gass,Male,Wāling,25
860,Hasty,Hawkett,Male,Madan,100
861,Philip,Szanto,Male,Caen,12
862,Gay,Daulby,Male,Nouvelle France,37
863,Terrill,Ryder,Genderqueer,Guocun,81
864,Wallie,June,Female,‘Arad,5
865,Peyton,Truss,Male,Sadov,94
866,Kessia,Langshaw,Female,Dangchang Chengguanzhen,41
867,Sheelah,Froment,Genderfluid,Chinameca,83
868,Roana,Cote,Female,Qingkou,26
869,Gratiana,Stuffins,Female,Qiankou,71
870,Pansy,Dallinder,Female,Gordeyevka,37
871,Miquela,Popley,Female,White Rock,86
872,Barnaby,Rosewall,Male,Lazaro Cardenas,22
873,Ed,Mixworthy,Male,Bobojong,47
874,Bernadina,McCreary,Female,Denver,57
875,Garrick,Vallery,Male,Cekcyn,35
876,Gretel,Glander,Female,Tromsø,5
877,Wallache,Widdowes,Male,Kurumoch,71
878,Lovell,Bee,Genderfluid,Oncativo,99
879,Merwyn,Hague,Male,Saint-Ouen,67
880,Raeann,Pere,Female,Zhu’ao,38
881,Gunter,Gunby,Male,Mūsa Khel Bāzār,17
882,Adham,Itzhaki,Polygender,Wolofeo,21
883,Minetta,Sarver,Female,Suna,6
884,Bess,Cardinal,Female,Fatufeto,6
885,Jerrie,Smelley,Male,Misasi,98
886,Dell,Averall,Female,Póvoa de Penela,95
887,Tibold,Benmore,Male,Mönchengladbach,28
888,Donovan,Tilt,Male,Yingde’er,21
889,Merilee,Spain,Female,Nelson,89
890,Isabelle,Ovise,Female,Tây Hồ,1
891,Anthony,Tondeur,Male,Chenhu,10
892,Donielle,Caisley,Agender,Xinan,4
893,Lindie,Morigan,Female,Kiryū,56
894,Rosco,Sambell,Male,Sørvágur,80
895,Danyette,Jodlkowski,Female,Niutian,32
896,Patrica,Camillo,Female,Monte Novo,48
897,Selby,Scemp,Male,Göteborg,35
898,Arlyne,Bousler,Female,Ibshawāy,55
899,Ab,Dusting,Male,Józefów,40
900,Rorie,Barbery,Female,Atolina,53
901,Vonnie,Cotta,Female,Lianovérgi,32
902,Emmalyn,Iacoboni,Female,Ad Darbāsīyah,71
903,Kayle,Weatherburn,Female,Maluanluan,79
904,Willi,Kellick,Male,Hobor,35
905,Yulma,Bertholin,Male,Baiqi,96
906,Reba,Jestico,Female,Chapecó,71
907,Maxy,Durram,Female,Pogonsili,13
908,Mabelle,Willars,Female,Caibarién,47
909,Killy,Fuzzard,Male,Jianping,31
910,Pepe,Labrow,Male,Jiaocha,99
911,Cassy,Bolderoe,Female,Jinyuan,69
912,Tomi,Sollam,Female,Kiili,39
913,Helga,Melbourn,Female,Nikolinci,63
914,Vickie,Bradnocke,Female,Patzicía,65
915,Ker,Rowsell,Non-binary,Ginebra,76
916,Stillman,Stollenbecker,Male,Waiklibang,35
917,Augustine,Garriock,Female,Togu,87
918,Leonelle,Delf,Female,Deranitan,59
919,Janean,Olenchenko,Female,Panambi,55
920,Lorrayne,Barkhouse,Female,Presa,51
921,Melvin,Leal,Male,Żabbar,76
922,Adham,Tinson,Male,Krajan Sumurtawang,82
923,Francisca,Bingall,Female,Bureng,24
924,Marv,Hame,Male,Romilly-sur-Seine,71
925,Deck,Cubbin,Male,Itapetininga,21
926,Curcio,Clift,Male,Ringinrejo,88
927,Darn,Ciraldo,Male,Tianjiazhuang,65
928,Alexandros,Reagan,Male,Tangzi,45
929,Gilemette,McVaugh,Female,Wairinding,66
930,Ade,Radwell,Male,Sahavato,82
931,Malinda,Garrow,Female,Tolú,91
932,Ravi,Blacker,Male,Itu,16
933,Myrvyn,Dodle,Genderfluid,Jingyang,83
934,Erica,Ogilvy,Female,Atap,79
935,Britte,Ferrie,Female,Udachny,66
936,Rudolf,Soares,Male,Cogreg Wetan,51
937,Benjamin,Allott,Male,Melissochóri,63
938,Reggis,Reignard,Male,Stepove,99
939,Mario,Shenton,Male,Blumenau,43
940,Nefen,Djuricic,Male,Tervel,77
941,Dino,Loxston,Genderqueer,Shebekino,64
942,Crystie,Shelsher,Bigender,Lengshui,65
943,Fawne,Siviour,Female,Richards Bay,2
944,Elna,Crosswaite,Female,Samadua,91
945,Sianna,Gaven,Female,Volodymyrets’,3
946,Chalmers,Gobourn,Bigender,Zaječov,46
947,Uri,Beatty,Male,Stříbro,44
948,Erv,Shimmin,Male,Queluz de Baixo,36
949,Page,Askey,Female,Uzgen,17
950,Saul,Penman,Male,Santo Domingo,84
951,Blair,Gelly,Male,Dalongdong,92
952,Addia,Dugdale,Female,Samal,8
953,Antonio,Skinley,Male,Gaoguan,44
954,Juli,Quinn,Female,Yangdian,15
955,Indira,Edwin,Female,Póvoa de Penela,65
956,Layton,Tanner,Male,Kafr az Zayyāt,20
957,Demeter,Kindon,Female,Lagoa Seca,20
958,Lyndsay,Dafydd,Female,Paramaribo,36
959,Jessey,Breznovic,Male,Topi,46
960,Cacilia,Murrison,Female,Lonya Chico,72
961,Kristy,Wroath,Female,Rios Frios,31
962,Cloe,Dallosso,Agender,Zainsk,4
963,Ricky,Darte,Female,Banjar Baleagung,21
964,Phip,Elsby,Genderfluid,Bakunase,32
965,Lona,Bednall,Female,Wincrange,96
966,Flossi,Agates,Female,Titay,37
967,Kaitlyn,Charer,Female,La Tebaida,18
968,Reece,Croisdall,Male,Vyaz’ma,32
969,Lexine,Leggett,Female,Corujeira,85
970,Dewey,Blitzer,Male,Yazd,47
971,Sascha,Visick,Female,Viçosa,73
972,Brnaba,Klug,Male,Horgo,40
973,Michelina,Skedgell,Female,Jiaoqi,83
974,Granger,Insworth,Male,Itacarambi,70
975,Kevon,Luttgert,Male,Mniszków,92
976,Von,Calderon,Male,Karlobag,50
977,Benedicto,Gosford,Male,Taozixi,96
978,Marianna,Swinfon,Female,Chatan,82
979,Kally,Dumbarton,Genderfluid,Gualeguay,9
980,Harriot,Brownhill,Female,Gaïtánion,71
981,Rhianna,Bunston,Female,Cabaret,78
982,Lockwood,Norree,Male,Boden,12
983,Hailee,Blondin,Female,Jiahe,86
984,Alica,Tidridge,Female,Zwolle,30
985,Homerus,Dominichetti,Male,Lucas,73
986,Levi,Giacomazzo,Male,Morong,77
987,Hogan,Clarke,Male,Oświęcim,7
988,Elwira,Venes,Female,North Shore,14
989,Hugh,Stennard,Male,Zhuzuo,19
990,Petronia,Kachel,Female,Tumu’ertai,10
991,Rainer,Beresfore,Agender,Xuanhua,30
992,Maiga,Deeson,Female,Huangbu,96
993,Addie,Harrowell,Female,Ambositra,93
994,Gerri,Allport,Male,Itabirito,100
995,Vittoria,Couch,Female,Santa María de Ipire,54
996,Emmett,Armatys,Agender,Isniq,95
997,Hernando,Hovert,Male,Gračec,47
998,Ellette,Martensen,Polygender,Alphen aan den Rijn,30
999,Nelson,Mouncher,Male,Rosice,40
1000,Sunny,Cobello,Female,Gaigeturi,33
